<application>
  <component name="FileTypeManager" version="19">
    <ignoreFiles list="*.pyc;*.pyo;*.rbc;*.yarb;*~;.DS_Store;.git;.gitignore;.hg;.idea;.mypy_cache;.pytest_cache;.ruff_cache;.svn;CVS;__pycache__;_svn;vssver.scc;vssver2.scc" />
    <extensionMap>
      <mapping pattern="*双击*.sh" type="Native" />
      <mapping ext="chm" type="Native" />
      <mapping ext="dict" type="PLAIN_TEXT" />
      <mapping ext="ime" type="PLAIN_TEXT" />
      <mapping ext="m3u" type="PLAIN_TEXT" />
      <removed_mapping ext="apk" approved="true" type="ARCHIVE" />
      <removed_mapping ext="command" approved="true" type="PLAIN_TEXT" />
      <removed_mapping ext="m3u" approved="true" type="AUTO_DETECTED" />
      <removed_mapping ext="psd" approved="true" type="Image" />
      <removed_mapping pattern="*双击*.command" approved="true" type="Native" />
      <removed_mapping pattern=".m3u" approved="true" type="PLAIN_TEXT" />
    </extensionMap>
  </component>
</application>