<application>
  <component name="ProjectManager">
    <defaultProject>
      <component name="InspectionProjectProfileManager">
        <profile version="1.0">
          <option name="myName" value="Project Default" />
          <inspection_tool class="AliAccessStaticViaInstance" enabled="false" level="WARNING" enabled_by_default="false" />
          <inspection_tool class="AliArrayNamingShouldHaveBracket" enabled="false" level="WARNING" enabled_by_default="false" />
          <inspection_tool class="AliControlFlowStatementWithoutBraces" enabled="false" level="WARNING" enabled_by_default="false" />
          <inspection_tool class="AliDeprecation" enabled="false" level="WARNING" enabled_by_default="false" />
          <inspection_tool class="AliEqualsAvoidNull" enabled="false" level="WARNING" enabled_by_default="false" />
          <inspection_tool class="AliLongLiteralsEndingWithLowercaseL" enabled="false" level="WARNING" enabled_by_default="false" />
          <inspection_tool class="AliMissingOverrideAnnotation" enabled="false" level="WARNING" enabled_by_default="false" />
          <inspection_tool class="AliWrapperTypeEquality" enabled="false" level="WARNING" enabled_by_default="false" />
          <inspection_tool class="AlibabaAbstractClassShouldStartWithAbstractNaming" enabled="false" level="WARNING" enabled_by_default="false" />
          <inspection_tool class="AlibabaAbstractMethodOrInterfaceMethodMustUseJavadoc" enabled="false" level="WARNING" enabled_by_default="false" />
          <inspection_tool class="AlibabaAvoidApacheBeanUtilsCopy" enabled="false" level="WARNING" enabled_by_default="false" />
          <inspection_tool class="AlibabaAvoidCallStaticSimpleDateFormat" enabled="false" level="WARNING" enabled_by_default="false" />
          <inspection_tool class="AlibabaAvoidCommentBehindStatement" enabled="false" level="WARNING" enabled_by_default="false" />
          <inspection_tool class="AlibabaAvoidComplexCondition" enabled="false" level="WARNING" enabled_by_default="false" />
          <inspection_tool class="AlibabaAvoidConcurrentCompetitionRandom" enabled="false" level="WARNING" enabled_by_default="false" />
          <inspection_tool class="AlibabaAvoidDoubleOrFloatEqualCompare" enabled="false" level="WARNING" enabled_by_default="false" />
          <inspection_tool class="AlibabaAvoidManuallyCreateThread" enabled="false" level="WARNING" enabled_by_default="false" />
          <inspection_tool class="AlibabaAvoidMissUseOfMathRandom" enabled="false" level="WARNING" enabled_by_default="false" />
          <inspection_tool class="AlibabaAvoidNegationOperator" enabled="false" level="WARNING" enabled_by_default="false" />
          <inspection_tool class="AlibabaAvoidNewDateGetTime" enabled="false" level="WARNING" enabled_by_default="false" />
          <inspection_tool class="AlibabaAvoidPatternCompileInMethod" enabled="false" level="WARNING" enabled_by_default="false" />
          <inspection_tool class="AlibabaAvoidReturnInFinally" enabled="false" level="WARNING" enabled_by_default="false" />
          <inspection_tool class="AlibabaAvoidStartWithDollarAndUnderLineNaming" enabled="false" level="WARNING" enabled_by_default="false" />
          <inspection_tool class="AlibabaAvoidUseTimer" enabled="false" level="WARNING" enabled_by_default="false" />
          <inspection_tool class="AlibabaBigDecimalAvoidDoubleConstructor" enabled="false" level="WARNING" enabled_by_default="false" />
          <inspection_tool class="AlibabaBooleanPropertyShouldNotStartWithIs" enabled="false" level="WARNING" enabled_by_default="false" />
          <inspection_tool class="AlibabaClassCastExceptionWithSubListToArrayList" enabled="false" level="WARNING" enabled_by_default="false" />
          <inspection_tool class="AlibabaClassCastExceptionWithToArray" enabled="false" level="WARNING" enabled_by_default="false" />
          <inspection_tool class="AlibabaClassMustHaveAuthor" enabled="false" level="WARNING" enabled_by_default="false" />
          <inspection_tool class="AlibabaClassNamingShouldBeCamel" enabled="false" level="WARNING" enabled_by_default="false" />
          <inspection_tool class="AlibabaCollectionInitShouldAssignCapacity" enabled="false" level="WARNING" enabled_by_default="false" />
          <inspection_tool class="AlibabaCommentsMustBeJavadocFormat" enabled="false" level="WARNING" enabled_by_default="false" />
          <inspection_tool class="AlibabaConcurrentExceptionWithModifyOriginSubList" enabled="false" level="WARNING" enabled_by_default="false" />
          <inspection_tool class="AlibabaConstantFieldShouldBeUpperCase" enabled="false" level="WARNING" enabled_by_default="false" />
          <inspection_tool class="AlibabaCountDownShouldInFinally" enabled="false" level="WARNING" enabled_by_default="false" />
          <inspection_tool class="AlibabaDontModifyInForeachCircle" enabled="false" level="WARNING" enabled_by_default="false" />
          <inspection_tool class="AlibabaEnumConstantsMustHaveComment" enabled="false" level="WARNING" enabled_by_default="false" />
          <inspection_tool class="AlibabaExceptionClassShouldEndWithException" enabled="false" level="WARNING" enabled_by_default="false" />
          <inspection_tool class="AlibabaIbatisMethodQueryForList" enabled="false" level="WARNING" enabled_by_default="false" />
          <inspection_tool class="AlibabaLockShouldWithTryFinally" enabled="false" level="WARNING" enabled_by_default="false" />
          <inspection_tool class="AlibabaLowerCamelCaseVariableNaming" enabled="false" level="WARNING" enabled_by_default="false" />
          <inspection_tool class="AlibabaMethodReturnWrapperType" enabled="false" level="WARNING" enabled_by_default="false" />
          <inspection_tool class="AlibabaMethodTooLong" enabled="false" level="WARNING" enabled_by_default="false" />
          <inspection_tool class="AlibabaPackageNaming" enabled="false" level="WARNING" enabled_by_default="false" />
          <inspection_tool class="AlibabaPojoMustOverrideToString" enabled="false" level="WARNING" enabled_by_default="false" />
          <inspection_tool class="AlibabaPojoMustUsePrimitiveField" enabled="false" level="WARNING" enabled_by_default="false" />
          <inspection_tool class="AlibabaPojoNoDefaultValue" enabled="false" level="WARNING" enabled_by_default="false" />
          <inspection_tool class="AlibabaRemoveCommentedCode" enabled="false" level="WARNING" enabled_by_default="false" />
          <inspection_tool class="AlibabaServiceOrDaoClassShouldEndWithImpl" enabled="false" level="WARNING" enabled_by_default="false" />
          <inspection_tool class="AlibabaStringConcat" enabled="false" level="WARNING" enabled_by_default="false" />
          <inspection_tool class="AlibabaSwitchStatement" enabled="false" level="WARNING" enabled_by_default="false" />
          <inspection_tool class="AlibabaTestClassShouldEndWithTestNaming" enabled="false" level="WARNING" enabled_by_default="false" />
          <inspection_tool class="AlibabaThreadLocalShouldRemove" enabled="false" level="WARNING" enabled_by_default="false" />
          <inspection_tool class="AlibabaThreadPoolCreation" enabled="false" level="WARNING" enabled_by_default="false" />
          <inspection_tool class="AlibabaThreadShouldSetName" enabled="false" level="WARNING" enabled_by_default="false" />
          <inspection_tool class="AlibabaTransactionMustHaveRollback" enabled="false" level="WARNING" enabled_by_default="false" />
          <inspection_tool class="AlibabaUndefineMagicConstant" enabled="false" level="WARNING" enabled_by_default="false" />
          <inspection_tool class="AlibabaUnsupportedExceptionWithModifyAsList" enabled="false" level="WARNING" enabled_by_default="false" />
          <inspection_tool class="AlibabaUseQuietReferenceNotation" enabled="false" level="WARNING" enabled_by_default="false" />
          <inspection_tool class="AlibabaUseRightCaseForDateFormat" enabled="false" level="WARNING" enabled_by_default="false" />
          <inspection_tool class="CommentedOutCode" enabled="false" level="WEAK WARNING" enabled_by_default="false" />
          <inspection_tool class="DuplicatedCode" enabled="false" level="WEAK WARNING" enabled_by_default="false" />
          <inspection_tool class="JavaDoc" enabled="true" level="WARNING" enabled_by_default="true">
            <option name="TOP_LEVEL_CLASS_OPTIONS">
              <value>
                <option name="ACCESS_JAVADOC_REQUIRED_FOR" value="none" />
                <option name="REQUIRED_TAGS" value="" />
              </value>
            </option>
            <option name="INNER_CLASS_OPTIONS">
              <value>
                <option name="ACCESS_JAVADOC_REQUIRED_FOR" value="none" />
                <option name="REQUIRED_TAGS" value="" />
              </value>
            </option>
            <option name="METHOD_OPTIONS">
              <value>
                <option name="ACCESS_JAVADOC_REQUIRED_FOR" value="none" />
                <option name="REQUIRED_TAGS" value="@return@param@throws or @exception" />
              </value>
            </option>
            <option name="FIELD_OPTIONS">
              <value>
                <option name="ACCESS_JAVADOC_REQUIRED_FOR" value="none" />
                <option name="REQUIRED_TAGS" value="" />
              </value>
            </option>
            <option name="IGNORE_DEPRECATED" value="false" />
            <option name="IGNORE_JAVADOC_PERIOD" value="true" />
            <option name="IGNORE_DUPLICATED_THROWS" value="false" />
            <option name="IGNORE_POINT_TO_ITSELF" value="false" />
            <option name="myAdditionalJavadocTags" value="date" />
          </inspection_tool>
          <inspection_tool class="JavadocDeclaration" enabled="true" level="WARNING" enabled_by_default="true">
            <option name="ADDITIONAL_TAGS" value="date" />
          </inspection_tool>
          <inspection_tool class="MapOrSetKeyShouldOverrideHashCodeEquals" enabled="false" level="WARNING" enabled_by_default="false" />
          <inspection_tool class="MissingJavadoc" enabled="true" level="WARNING" enabled_by_default="true">
            <option name="PACKAGE_SETTINGS">
              <Options>
                <option name="ENABLED" value="false" />
              </Options>
            </option>
            <option name="MODULE_SETTINGS">
              <Options>
                <option name="ENABLED" value="false" />
              </Options>
            </option>
            <option name="TOP_LEVEL_CLASS_SETTINGS">
              <Options>
                <option name="ENABLED" value="false" />
              </Options>
            </option>
            <option name="INNER_CLASS_SETTINGS">
              <Options>
                <option name="ENABLED" value="false" />
              </Options>
            </option>
            <option name="METHOD_SETTINGS">
              <Options>
                <option name="REQUIRED_TAGS" value="@return@param@throws or @exception" />
                <option name="ENABLED" value="false" />
              </Options>
            </option>
            <option name="FIELD_SETTINGS">
              <Options>
                <option name="ENABLED" value="false" />
              </Options>
            </option>
          </inspection_tool>
          <inspection_tool class="SpellCheckingInspection" enabled="false" level="TYPO" enabled_by_default="false">
            <option name="processCode" value="true" />
            <option name="processLiterals" value="true" />
            <option name="processComments" value="true" />
          </inspection_tool>
          <inspection_tool class="SpringJavaAutowiredFieldsWarningInspection" enabled="false" level="WEAK WARNING" enabled_by_default="false" />
          <inspection_tool class="SpringJavaInjectionPointsAutowiringInspection" enabled="false" level="ERROR" enabled_by_default="false" />
          <inspection_tool class="SqlDialectInspection" enabled="false" level="WARNING" enabled_by_default="false" />
          <inspection_tool class="SqlNoDataSourceInspection" enabled="false" level="WARNING" enabled_by_default="false" />
        </profile>
        <version value="1.0" />
      </component>
      <component name="PropertiesComponent">{
  &quot;keyToString&quot;: {
    &quot;settings.editor.selected.configurable&quot;: &quot;preferences.pluginManager&quot;
  }
}</component>
      <component name="VcsDirectoryMappings" defaultProject="true" />
      <component name="WindowStateProjectService">
        <state x="469" y="97" key="SettingsEditor" timestamp="1746990276633">
          <screen x="0" y="25" width="1920" height="976" />
        </state>
        <state x="469" y="97" key="SettingsEditor/1920.38.1728.1079/0.25.1920.976" timestamp="1746990276633" />
      </component>
    </defaultProject>
  </component>
</application>