<application>
  <component name="Trusted.Paths">
    <option name="TRUSTED_PROJECT_PATHS">
      <map>
        <entry key="$USER_HOME$/Documents/CodeProject/ClashSub" value="true" />
        <entry key="$USER_HOME$/Documents/CodeProject/Profiles2wmsxwdsh" value="true" />
        <entry key="$USER_HOME$/Documents/CodeProject/Project-For-Rime/cof86" value="true" />
        <entry key="$USER_HOME$/Documents/CodeProject/Project-For-Rime/rime-ice" value="true" />
        <entry key="$USER_HOME$/Documents/CodeProject/Project-For-Rime/rime-wb8600" value="true" />
        <entry key="$USER_HOME$/Documents/CodeProject/Project-For-Rime/rime-wubi86-wmsxwdsh" value="true" />
        <entry key="$USER_HOME$/Documents/CodeProject/pangu-java-2022" value="true" />
        <entry key="$USER_HOME$/Documents/CodeProject/paper-wmsxwdsh" value="true" />
        <entry key="$USER_HOME$/Documents/CodeProject/shennong-java-2025" value="true" />
        <entry key="$USER_HOME$/Documents/CodeProject/xuanyuan-java-2025" value="true" />
        <entry key="$USER_HOME$/Documents/CodeProject/zhurong-java-2019" value="true" />
      </map>
    </option>
  </component>
  <component name="Trusted.Paths.Settings">
    <option name="TRUSTED_PATHS">
      <list>
        <option value="$USER_HOME$/Documents/CodeProject/Project-For-Rime" />
        <option value="$USER_HOME$/Documents/CodeProject" />
      </list>
    </option>
  </component>
</application>