<application>
  <component name="UpdatesConfigurable">
    <option name="CHECK_NEEDED" value="false" />
    <ignoredBuildNumbers>
      <item value="251.25410.129" />
    </ignoredBuildNumbers>
    <option name="LAST_BUILD_CHECKED" value="IU-243.28141.18" />
    <option name="LAST_TIME_CHECKED" value="1767890767601" />
    <option name="OBSOLETE_CUSTOM_REPOSITORIES_CLEAN_NEEDED" value="false" />
    <option name="SHOW_WHATS_NEW_EDITOR" value="false" />
    <option name="THIRD_PARTY_PLUGINS_ALLOWED" value="true" />
    <option name="WHATS_NEW_SHOWN_FOR" value="243" />
  </component>
</application>