<application>
  <component name="DimensionService">
    <location key="find.popup.0.0.3840.2160@240dpi" x="1120" y="386" />
    <location key="find.popup.0.0.3840.2160@192dpi" x="1250" y="484" />
    <size key="GridCell.Tab.0.left.0.0.3840.2160@192dpi" width="3676" height="560" />
    <size key="GridCell.Tab.0.center.0.0.3840.2160@192dpi" width="3676" height="560" />
    <size key="GridCell.Tab.0.right.0.0.3840.2160@192dpi" width="3676" height="560" />
    <size key="GridCell.Tab.0.bottom.0.0.3840.2160@192dpi" width="3676" height="560" />
    <size key="find.popup.0.0.3840.2160@240dpi" width="1602" height="1278" />
    <size key="find.popup.0.0.3840.2160@192dpi" width="1340" height="1084" />
    <size key="GridCell.Tab.1.left.0.0.3840.2160@192dpi" width="2636" height="532" />
    <size key="GridCell.Tab.1.center.0.0.3840.2160@192dpi" width="2636" height="532" />
    <size key="GridCell.Tab.1.right.0.0.3840.2160@192dpi" width="2636" height="532" />
    <size key="GridCell.Tab.1.bottom.0.0.3840.2160@192dpi" width="2636" height="532" />
    <size key="GridCell.Tab.2.left.0.0.3840.2160@192dpi" width="2636" height="532" />
    <size key="GridCell.Tab.2.center.0.0.3840.2160@192dpi" width="2636" height="532" />
    <size key="GridCell.Tab.2.right.0.0.3840.2160@192dpi" width="2636" height="532" />
    <size key="GridCell.Tab.2.bottom.0.0.3840.2160@192dpi" width="2636" height="532" />
    <size key="GridCell.Tab.3.left.0.0.3840.2160@192dpi" width="2636" height="532" />
    <size key="GridCell.Tab.3.center.0.0.3840.2160@192dpi" width="2636" height="532" />
    <size key="GridCell.Tab.3.right.0.0.3840.2160@192dpi" width="2636" height="532" />
    <size key="GridCell.Tab.3.bottom.0.0.3840.2160@192dpi" width="2636" height="532" />
    <size key="GridCell.Tab.4.left.0.0.3840.2160@192dpi" width="2636" height="532" />
    <size key="GridCell.Tab.4.center.0.0.3840.2160@192dpi" width="2636" height="532" />
    <size key="GridCell.Tab.4.right.0.0.3840.2160@192dpi" width="2636" height="532" />
    <size key="GridCell.Tab.4.bottom.0.0.3840.2160@192dpi" width="2636" height="532" />
  </component>
  <component name="WindowManager">
    <frame x="0" y="31" width="1920" height="965" extendedState="6" />
  </component>
  <component name="WindowStateApplicationService">
    <state x="960" y="486" width="1000" height="804" key="WELCOME_SCREEN" timestamp="1767899831300">
      <screen x="0" y="31" width="1920" height="965" />
    </state>
    <state x="960" y="486" width="1000" height="804" key="WELCOME_SCREEN/-1728.127.1728.1083/0.31.1920.965" timestamp="1767899831300" />
    <state x="960" y="486" width="1000" height="804" key="WELCOME_SCREEN/-1728.310.1728.1083/0.31.1920.965" timestamp="1761943173618" />
    <state width="300" height="518" key="manage.recent.projects.popup" timestamp="1766938557236">
      <screen x="0" y="31" width="1920" height="965" />
    </state>
    <state width="300" height="518" key="manage.recent.projects.popup/-1728.127.1728.1083/0.31.1920.965" timestamp="1766938557236" />
    <state width="300" height="518" key="manage.recent.projects.popup/-1728.310.1728.1083/0.31.1920.965" timestamp="1760717341843" />
  </component>
</application>