<keymap version="1" name="macOS 副本" parent="Mac OS X 10.5+">
  <action id="ChangesView.Move" />
  <action id="ChangesView.SetDefault" />
  <action id="ClassNameCompletion" />
  <action id="CodeCompletion" />
  <action id="CommentByBlockComment">
    <keyboard-shortcut first-keystroke="meta alt slash" />
    <keyboard-shortcut first-keystroke="meta alt divide" />
    <keyboard-shortcut first-keystroke="shift ctrl slash" />
    <keyboard-shortcut first-keystroke="shift ctrl divide" />
    <keyboard-shortcut first-keystroke="shift meta divide" />
    <keyboard-shortcut first-keystroke="shift meta divide" />
  </action>
  <action id="Console.TableResult.SetDefault" />
  <action id="Diff.NextChange" />
  <action id="Diff.PrevChange" />
  <action id="GotoAction" />
  <action id="GotoBookmark1" />
  <action id="GotoBookmark2" />
  <action id="GotoBookmark3" />
  <action id="Jdbc.OpenConsole.New" />
  <action id="Jdbc.OpenConsole.New.Generate" />
  <action id="ManageRecentProjects">
    <keyboard-shortcut first-keystroke="alt e" />
  </action>
  <action id="NextEditorTab" />
  <action id="NextTab" />
  <action id="PreviousEditorTab" />
  <action id="PreviousTab" />
  <action id="Vcs.MoveChangedLinesToChangelist" />
  <action id="android.device.sleep" />
</keymap>